[
    {
        "name": "c_user",
        "value": "100000430626876",
        "domain": ".facebook.com",
        "path": "/",
        "secure": true,
        "httpOnly": true
    },
    {
        "name": "xs",
        "value": "16%3AOgjSgCDQhHo5oA%3A2%3A1742103476%3A-1%3A11312%3A%3AAcUULxnQZx0FSu-zpQklou6xKt9dpkBro1V1cd20kIk",
        "domain": ".facebook.com",
        "path": "/",
        "secure": true,
        "httpOnly": true
    },
    {
        "name": "fr",
        "value": "",
        "domain": ".facebook.com",
        "path": "/",
        "secure": true,
        "httpOnly": true
    }
]