{
    "version": "1.1.0",
    "message": "發現新版本 1.1.0，是否更新？\n本次更新包含多項重要修復和功能改進。",
    "release_notes": "# 版本 1.1.0 更新內容\n\n## 新功能\n- 新增Google Drive自動更新系統\n- 新增用戶操作歷史記錄\n\n## 改進\n- 提升了訊息發送速度\n- 優化了用戶界面響應\n\n## 修復\n- 修復了某些情況下無法正確加載用戶列表的問題\n- 修復了圖片上傳失敗的錯誤",
    "update_file_id": "1ABC123XYZ456_example_id",
    "date": "2023-12-25"
} 